date,heart_rate,sleep_hours,steps,calories
2024-01-01,98,6.3,9629,2174
2024-01-02,88,7.9,11467,1918
2024-01-03,74,5.0,3016,1788
2024-01-04,67,6.6,9869,1878
2024-01-05,80,7.0,8439,2272
2024-01-06,98,4.2,9892,1989
2024-01-07,78,7.0,8863,1730
2024-01-08,82,4.9,9916,1540
2024-01-09,70,4.3,10529,1527
2024-01-10,70,8.7,2878,1634
2024-01-11,83,8.8,11268,1700
2024-01-12,95,8.0,6887,2339
2024-01-13,99,5.5,6859,2279
2024-01-14,83,4.5,8331,2429
2024-01-15,62,7.4,10571,1532
2024-01-16,81,6.2,10684,1547
2024-01-17,61,4.6,9208,2002
2024-01-18,83,6.5,7276,1906
2024-01-19,89,4.2,4062,2073
2024-01-20,97,8.5,2064,2227
2024-01-21,61,5.3,10006,2304
2024-01-22,80,7.3,4568,1598
2024-01-23,92,5.6,7463,2183
2024-01-24,71,6.6,4027,2371
2024-01-25,81,6.7,4695,2225
2024-01-26,84,4.9,11687,2486
2024-01-27,86,8.8,7258,2046
2024-01-28,87,7.9,7618,2460
2024-01-29,75,8.7,8736,2238
2024-01-30,74,8.5,2391,2112
2026-04-05,72,7.5,8000,3000
